{"files":{"index.html":{"frameworks":["INEC-PORTAL","pg.insight.events","pg.asset.manager","pg.ia.lib","pg.project.items","pg.svg.lib","pg.tw.lib","pg.code-validator","pg.ia","pg.image.overlay","pg.css.grid","tw.flowbite","tw","pg.html","pine.cone.lib","pg.components"]},"one.html":{"frameworks":["INEC-PORTAL","pg.insight.events","pg.ia.lib","pg.svg.lib","pg.ia","pg.tw.lib","pg.css.grid","pg.image.overlay","pg.code-validator","pg.project.items","pg.asset.manager","tw.flowbite","tw","pg.html","pine.cone.lib","pg.components"]},"sas.html":{"frameworks":["INEC-PORTAL","pg.insight.events","pg.tw.lib","pg.ia.lib","pg.svg.lib","pg.ia","pg.css.grid","pg.image.overlay","pg.code-validator","pg.project.items","pg.asset.manager","tw.flowbite","tw","pg.html","pine.cone.lib","pg.components"]},"user-details.php":{"frameworks":["INEC-PORTAL","pg.insight.events","pg.svg.lib","pg.css.grid","pg.image.overlay","pg.php","pg.code-validator","pg.project.items","pg.asset.manager","pg.html","pine.cone.lib","pg.components"]},"index.php":{"frameworks":["INEC-PORTAL","pg.insight.events","pg.asset.manager","pg.project.items","pg.ia.lib","pg.code-validator","pg.tw.lib","pg.svg.lib","pg.image.overlay","pg.css.grid","pg.ia","tw.flowbite","tw","pg.html","pine.cone.lib","pg.components"]},"data-entry.php":{"frameworks":["INEC-PORTAL","pg.insight.events","pg.asset.manager","pg.svg.lib","pg.project.items","pg.css.grid","pg.code-validator","pg.image.overlay","pg.php","pg.html","pine.cone.lib","pg.components"]},"thank-you.php":{"frameworks":["INEC-PORTAL","pg.insight.events","pg.asset.manager","pg.project.items","pg.svg.lib","pg.code-validator","pg.php","pg.css.grid","pg.image.overlay","pg.html","pine.cone.lib","pg.components"]},"admin-login.php":{"frameworks":["INEC-PORTAL","pg.insight.events","pg.asset.manager","pg.project.items","pg.svg.lib","pg.code-validator","pg.php","pg.css.grid","pg.image.overlay","pg.html","pine.cone.lib","pg.components"]},"dashboard.php":{"frameworks":["INEC-PORTAL","pg.insight.events","pg.asset.manager","pg.project.items","pg.code-validator","pg.svg.lib","pg.php","pg.image.overlay","pg.css.grid","pg.html","pine.cone.lib","pg.components"]},"results.php":{"frameworks":["INEC-PORTAL","pg.insight.events","pg.asset.manager","pg.project.items","pg.code-validator","pg.svg.lib","pg.php","pg.image.overlay","pg.css.grid","pg.html","pine.cone.lib","pg.components"]},"users.php":{"frameworks":["INEC-PORTAL","pg.insight.events","pg.asset.manager","pg.project.items","pg.code-validator","pg.php","pg.svg.lib","pg.image.overlay","pg.css.grid","pg.html","pine.cone.lib","pg.components"]},"logout.php":{"frameworks":["INEC-PORTAL","pg.insight.events","pg.asset.manager","pg.project.items","pg.code-validator","pg.php","pg.svg.lib","pg.image.overlay","pg.css.grid","pg.html","pine.cone.lib","pg.components"]},"polling-unit-login.php":{"frameworks":["INEC-PORTAL","pg.insight.events","pg.asset.manager","pg.project.items","pg.code-validator","pg.svg.lib","pg.php","pg.image.overlay","pg.css.grid","pg.html","pine.cone.lib","pg.components"]},"includes\\header.php":{"frameworks":["INEC-PORTAL","pg.insight.events","pg.svg.lib","pg.css.grid","pg.image.overlay","pg.php","pg.code-validator","pg.project.items","pg.asset.manager","pg.html","pine.cone.lib","pg.components"]}},"breakpoints":["640px","768px","1024px","1280px"],"frameworks":["INEC-PORTAL","pg.insight.events","pg.svg.lib","pg.css.grid","pg.image.overlay","pg.php","pg.code-validator","pg.project.items","pg.asset.manager","pg.html","pine.cone.lib","pg.components"],"template_framework_id":"pg.tw.lib","urls":{"index.html":{"open-page-views":[{"w":1024,"h":0}],"open-with-wrapper":false},"one.html":{"open-with-wrapper":false,"open-page-views":[{"w":1024,"h":0}]},"sas.html":{"open-with-wrapper":false,"open-page-views":[{"w":1024,"h":0}]},"user-details.php":{"open-with-wrapper":false,"open-page-views":[{"w":1024,"h":0}]},"index.php":{"open-with-wrapper":false,"open-page-views":[{"w":1024,"h":0}]},"data-entry.php":{"open-with-wrapper":false,"open-page-views":[{"w":1024,"h":0}]},"thank-you.php":{"open-with-wrapper":false,"open-page-views":[{"w":1024,"h":0}]},"admin-login.php":{"open-with-wrapper":false,"open-page-views":[{"w":1024,"h":0}]},"dashboard.php":{"open-with-wrapper":false,"open-page-views":[{"w":1024,"h":0}]},"results.php":{"open-with-wrapper":false,"open-page-views":[{"w":1024,"h":0}]},"users.php":{"open-with-wrapper":false,"open-page-views":[{"w":1024,"h":0}]},"logout.php":{"open-with-wrapper":false,"open-page-views":[{"w":1024,"h":0}]},"polling-unit-login.php":{"open-with-wrapper":false,"open-page-views":[{"w":1024,"h":0}]},"includes/header.php":{"open-with-wrapper":false,"open-page-views":[{"w":1024,"h":0}]},"includes/footer.php":{"open-with-wrapper":false}},"open-pages":["index.php","includes/header.php","includes/footer.php"]}