{"list":" bg-slate-50 font-sans text-slate-700 bg-white shadow-sm sticky top-0 z-40 container mx-auto px-6 py-3 flex items-center justify-between h-14 w-auto bg-red-100 text-inec-red font-semibold px-4 py-2 rounded-lg hover:bg-red-200 transition-colors bi bi-x-circle mr-2 my-12 max-w-4xl rounded-xl shadow-lg p-6 sm:p-10 border border-slate-200 border-dashed border-slate-300 p-4 mb-8 gap-4 flex-shrink-0 bi-person-check-fill text-3xl text-inec-green font-bold text-slate-800 text-sm text-slate-600 text-slate-500 items-start mb-10 step active flex-col w-1/4 step-icon w-10 h-10 rounded-full bg-gray-200 border-2 border-gray-200 justify-center text-lg transition-all duration-300 mt-2 text-center connector flex-1 h-1 mt-5 text-gray-500 form-step font-display text-2xl mb-6 space-y-4 block font-medium mb-1 w-full p-3 rounded-md focus:ring-2 focus:ring-inec-green transition justify-end mt-8 next-btn bg-inec-green text-white hover:opacity-90 shadow hidden grid grid-cols-1 md:grid-cols-2 back-btn bg-slate-200 hover:bg-slate-300 overflow-x-auto min-w-full divide-y divide-slate-200 text-left text-xs uppercase tracking-wider w-48 py-4 whitespace-nowrap bi-flag text-slate-400 ml-4 text-slate-900 party-score-input p-2 mt-6 bg-slate-100 space-y-6 h-32 cursor-pointer hover:bg-slate-100 pt-5 pb-6 bi-cloud-upload-fill text-4xl mb-2 bg-inec-red fixed inset-0 bg-black bg-opacity-60 z-50 transition-opacity opacity-0 shadow-2xl p-8 max-w-md transform scale-95 border-t mt-auto py-6 min-h-screen flex-grow py-12 max-w-lg md:p-12 w-24 h-24 bg-green-100 mb-5 bi-check2-circle text-6xl text-green-600 mt-3 sm:flex-row inline-block bi-plus-circle bg-slate-600 hover:bg-slate-700 bi-box-arrow-right space-y-8 h-20 text-gray-700 border-gray-300 focus:border-inec-green group relative border-transparent bg-green-50 border-l-4 border-green-400 rounded-r-lg bi-check-circle-fill text-green-500 ml-3 text-green-700 scroll-smooth flex-wrap border-b hover:bg-slate-200 shadow-md py-24 lg:py-32 lg:grid-cols-2 gap-16 tracking-widest mb-3 text-5xl md:text-6xl leading-tight text-xl leading-relaxed drop-shadow-lg py-20 -mx-6 mb-12 max-w-3xl gap-8 max-w-5xl hover:shadow-xl hover:-translate-y-2 w-20 bg-blue-100 bi-file-earmark-text-fill text-blue-600 space-y-2 px-8 bi-speedometer2 bg-slate-700 hover:bg-slate-800 max-w-2xl lg:grid-cols-4 bi-shield-lock-fill mb-4 bi-bar-chart-line-fill bi-card-checklist bi-people-fill w-64 bg-slate-800 border-slate-700 nav-link mr-3 bi-table bi-people bi-box-arrow-left text-gray-800 bg-gray-100 hover:bg-gray-50 text-blue-800 px-2.5 py-0.5 text-green-800 space-x-2 hover:text-gray-700 p-1 bi-pencil-fill text-red-600 hover:text-red-800 bi-trash-fill bi-download md:grid-cols-3 hover:text-blue-800 bi-eye-fill bi-flag-fill bg-yellow-100 text-yellow-800 md:p-10 sm:grid-cols-2 gap-6 p-5 border-inec-green mt-1 border-blue-500 border-yellow-500 border-inec-red lg:grid-cols-5 lg:col-span-3 h-64 rounded lg:col-span-2 h-4 w-4 ml-2 text-gray-900 hover:text-green-800 focus:outline-none focus:ring-offset-2","map":{"bg-slate-50":true,"font-sans":true,"text-slate-700":true,"bg-white":true,"shadow-sm":true,"sticky":true,"top-0":true,"z-40":true,"container":true,"mx-auto":true,"px-6":true,"py-3":true,"flex":true,"items-center":true,"justify-between":true,"h-14":true,"w-auto":true,"bg-red-100":true,"text-inec-red":true,"font-semibold":true,"px-4":true,"py-2":true,"rounded-lg":true,"hover:bg-red-200":true,"transition-colors":true,"bi":true,"bi-x-circle":true,"mr-2":true,"my-12":true,"max-w-4xl":true,"rounded-xl":true,"shadow-lg":true,"p-6":true,"sm:p-10":true,"border":true,"border-slate-200":true,"border-dashed":true,"border-slate-300":true,"p-4":true,"mb-8":true,"gap-4":true,"flex-shrink-0":true,"bi-person-check-fill":true,"text-3xl":true,"text-inec-green":true,"font-bold":true,"text-slate-800":true,"text-sm":true,"text-slate-600":true,"text-slate-500":true,"items-start":true,"mb-10":true,"step":true,"active":true,"flex-col":true,"w-1/4":true,"step-icon":true,"w-10":true,"h-10":true,"rounded-full":true,"bg-gray-200":true,"border-2":true,"border-gray-200":true,"justify-center":true,"text-lg":true,"transition-all":true,"duration-300":true,"mt-2":true,"text-center":true,"connector":true,"flex-1":true,"h-1":true,"mt-5":true,"text-gray-500":true,"form-step":true,"font-display":true,"text-2xl":true,"mb-6":true,"space-y-4":true,"block":true,"font-medium":true,"mb-1":true,"w-full":true,"p-3":true,"rounded-md":true,"focus:ring-2":true,"focus:ring-inec-green":true,"transition":true,"justify-end":true,"mt-8":true,"next-btn":true,"bg-inec-green":true,"text-white":true,"hover:opacity-90":true,"shadow":true,"hidden":true,"grid":true,"grid-cols-1":true,"md:grid-cols-2":true,"back-btn":true,"bg-slate-200":true,"hover:bg-slate-300":true,"overflow-x-auto":true,"min-w-full":true,"divide-y":true,"divide-slate-200":true,"text-left":true,"text-xs":true,"uppercase":true,"tracking-wider":true,"w-48":true,"py-4":true,"whitespace-nowrap":true,"bi-flag":true,"text-slate-400":true,"ml-4":true,"text-slate-900":true,"party-score-input":true,"p-2":true,"mt-6":true,"bg-slate-100":true,"space-y-6":true,"h-32":true,"cursor-pointer":true,"hover:bg-slate-100":true,"pt-5":true,"pb-6":true,"bi-cloud-upload-fill":true,"text-4xl":true,"mb-2":true,"bg-inec-red":true,"fixed":true,"inset-0":true,"bg-black":true,"bg-opacity-60":true,"z-50":true,"transition-opacity":true,"opacity-0":true,"shadow-2xl":true,"p-8":true,"max-w-md":true,"transform":true,"scale-95":true,"border-t":true,"mt-auto":true,"py-6":true,"min-h-screen":true,"flex-grow":true,"py-12":true,"max-w-lg":true,"md:p-12":true,"w-24":true,"h-24":true,"bg-green-100":true,"mb-5":true,"bi-check2-circle":true,"text-6xl":true,"text-green-600":true,"mt-3":true,"sm:flex-row":true,"inline-block":true,"bi-plus-circle":true,"bg-slate-600":true,"hover:bg-slate-700":true,"bi-box-arrow-right":true,"space-y-8":true,"h-20":true,"text-gray-700":true,"border-gray-300":true,"focus:border-inec-green":true,"group":true,"relative":true,"border-transparent":true,"bg-green-50":true,"border-l-4":true,"border-green-400":true,"rounded-r-lg":true,"bi-check-circle-fill":true,"text-green-500":true,"ml-3":true,"text-green-700":true,"scroll-smooth":true,"flex-wrap":true,"border-b":true,"hover:bg-slate-200":true,"shadow-md":true,"py-24":true,"lg:py-32":true,"lg:grid-cols-2":true,"gap-16":true,"tracking-widest":true,"mb-3":true,"text-5xl":true,"md:text-6xl":true,"leading-tight":true,"text-xl":true,"leading-relaxed":true,"drop-shadow-lg":true,"py-20":true,"-mx-6":true,"mb-12":true,"max-w-3xl":true,"gap-8":true,"max-w-5xl":true,"hover:shadow-xl":true,"hover:-translate-y-2":true,"w-20":true,"bg-blue-100":true,"bi-file-earmark-text-fill":true,"text-blue-600":true,"space-y-2":true,"px-8":true,"bi-speedometer2":true,"bg-slate-700":true,"hover:bg-slate-800":true,"max-w-2xl":true,"lg:grid-cols-4":true,"bi-shield-lock-fill":true,"mb-4":true,"bi-bar-chart-line-fill":true,"bi-card-checklist":true,"bi-people-fill":true,"w-64":true,"bg-slate-800":true,"border-slate-700":true,"nav-link":true,"mr-3":true,"bi-table":true,"bi-people":true,"bi-box-arrow-left":true,"text-gray-800":true,"bg-gray-100":true,"hover:bg-gray-50":true,"text-blue-800":true,"px-2.5":true,"py-0.5":true,"text-green-800":true,"space-x-2":true,"hover:text-gray-700":true,"p-1":true,"bi-pencil-fill":true,"text-red-600":true,"hover:text-red-800":true,"bi-trash-fill":true,"bi-download":true,"md:grid-cols-3":true,"hover:text-blue-800":true,"bi-eye-fill":true,"bi-flag-fill":true,"bg-yellow-100":true,"text-yellow-800":true,"md:p-10":true,"sm:grid-cols-2":true,"gap-6":true,"p-5":true,"border-inec-green":true,"mt-1":true,"border-blue-500":true,"border-yellow-500":true,"border-inec-red":true,"lg:grid-cols-5":true,"lg:col-span-3":true,"h-64":true,"rounded":true,"lg:col-span-2":true,"h-4":true,"w-4":true,"ml-2":true,"text-gray-900":true,"hover:text-green-800":true,"focus:outline-none":true,"focus:ring-offset-2":true}}